{
  "name": "Stock Test",
  "short_name": "ST",
  "country": "KR",
  "default_currency": "KRW",
  "default_UTC_offset": 9,
  "default_timezone": "Asia/Seoul",
  "default_fee_type": "percentage",
  "default_fee": 0.25,
  "available_types": [
    "index",
    "stock"
  ],
  "url": "https://example.com",
  "logo": "https://example.com/logo.png",
  "description": "Project. Stock Exchange is a fictional stock exchange used for demonstration purposes.",
  "pre_market_sessions": {
    "Monday": { "open": "00:00", "close": "01:00" },
    "Tuesday": { "open": "00:00", "close": "01:00" },
    "Wednesday": { "open": "00:00", "close": "01:00" },
    "Thursday": { "open": "00:00", "close": "01:00" },
    "Friday": { "open": "00:00", "close": "01:00" },
    "Saturday": { "open": "00:00", "close": "01:00" },
    "Sunday": { "open": "00:00", "close": "01:00" }
  },
  "regular_trading_sessions": {
    "Monday": { "open": "01:00", "close": "22:00" },
    "Tuesday": { "open": "01:00", "close": "22:00" },
    "Wednesday": { "open": "01:00", "close": "22:00" },
    "Thursday": { "open": "01:00", "close": "22:00" },
    "Friday": { "open": "01:00", "close": "22:00" },
    "Saturday": { "open": "01:00", "close": "22:00" },
    "Sunday": { "open": "01:00", "close": "22:00" }
  },
  "post_market_sessions": {
    "Monday": { "open": "22:00", "close": "23:00" },
    "Tuesday": { "open": "22:00", "close": "23:00" },
    "Wednesday": { "open": "22:00", "close": "23:00" },
    "Thursday": { "open": "22:00", "close": "23:00" },
    "Friday": { "open": "22:00", "close": "23:00" },
    "Saturday": { "open": "22:00", "close": "23:00" },
    "Sunday": { "open": "22:00", "close": "23:00" }
  },
  "anniversaries": [{
    "date" : "2025-10-22",
    "name" : "24H Testing",
    "pre_market_session" : { "open" : "00:00", "close" : "01:00" },
    "regular_trading_session" : { "open" : "01:00", "close" : "23:00" },
    "post_market_session" : { "open" : "23:00", "close" : "00:00" }
  }]
}
